source_row,event_id,customer_id,occurred_at,received_at,megabytes,device_code
1,E001,C001,2026-10-01 10:00:00,2026-10-01 10:01:01,10,device:A001
2,E002,C001,2026-10-01 10:00:00,2026-10-01 10:01:02,10,device:A001
3,E003,C001,2026-10-01 10:00:00,2026-10-01 10:01:03,10,device:A001
4,E004,C001,2026-10-01 10:00:00,2026-10-01 10:01:04,10,device:A001
5,E005,C001,2026-10-01 10:00:00,2026-10-01 10:01:05,10,device:A001
6,E006,C001,2026-10-01 10:00:00,2026-10-01 10:01:06,10,device:A001
7,E007,C001,2026-10-01 10:00:00,2026-10-01 10:01:07,10,device:A001
8,E008,C001,2026-10-01 10:00:00,2026-10-01 10:01:08,10,device:A001
9,E009,C002,2026-10-01 10:00:00,2026-10-01 10:01:09,10,"{""device_id"":""a002""}"
10,E010,C002,2026-10-01 10:00:00,2026-10-01 10:01:10,10,"{""device_id"":""a002""}"
11,E011,C002,2026-10-01 10:00:00,2026-10-01 10:01:11,10,"{""device_id"":""a002""}"
12,E012,C002,2026-10-01 10:00:00,2026-10-01 10:01:12,10,"{""device_id"":""a002""}"
13,E013,C002,2026-10-01 10:00:00,2026-10-01 10:01:13,10,"{""device_id"":""a002""}"
14,E014,C002,2026-10-01 10:00:00,2026-10-01 10:01:14,10,"{""device_id"":""a002""}"
15,E015,C002,2026-10-01 10:00:00,2026-10-01 10:01:15,10,"{""device_id"":""a002""}"
16,E016,C002,2026-10-01 10:00:00,2026-10-01 10:01:16,10,"{""device_id"":""a002""}"
17,E001,C001,2026-10-01 10:00:00,2026-10-01 11:00:00,20,device:A001
18,E018,C001,2026-10-01 10:00:00,2026-10-01 11:00:00,,device:A001
19,E019,C999,2026-10-01 10:00:00,2026-10-01 11:00:00,10,device:A001
20,E020,C002,2026-10-01 10:00:00,2026-10-01 11:00:00,10,invalid
